-- phpMyAdmin SQL Dump
-- version 5.2.0
-- https://www.phpmyadmin.net/
--
-- Host: db
-- Generation Time: Dec 19, 2022 at 08:35 PM
-- Server version: 8.0.31
-- PHP Version: 8.0.26

SET SQL_MODE = "NO_AUTO_VALUE_ON_ZERO";
START TRANSACTION;
SET time_zone = "+00:00";


/*!40101 SET @OLD_CHARACTER_SET_CLIENT=@@CHARACTER_SET_CLIENT */;
/*!40101 SET @OLD_CHARACTER_SET_RESULTS=@@CHARACTER_SET_RESULTS */;
/*!40101 SET @OLD_COLLATION_CONNECTION=@@COLLATION_CONNECTION */;
/*!40101 SET NAMES utf8mb4 */;

--
-- Database: `qmarkets`
--

-- --------------------------------------------------------

--
-- Table structure for table `demo_profile_values`
--

CREATE TABLE `demo_profile_values` (
  `id` int UNSIGNED NOT NULL,
  `fid` int UNSIGNED NOT NULL DEFAULT '0',
  `uid` int UNSIGNED NOT NULL DEFAULT '0',
  `value` text
) ENGINE=InnoDB DEFAULT CHARSET=utf8mb3;

--
-- Dumping data for table `demo_profile_values`
--

INSERT INTO `demo_profile_values` (`id`, `fid`, `uid`, `value`) VALUES
(1, 3, 1, 'George Schmitt'),
(2, 4, 1, 'Chaoburg'),
(3, 5, 1, 'Bilba Gardner'),
(4, 3, 2, 'Alfonso Hoffman'),
(5, 4, 2, 'Hoshor'),
(6, 5, 2, 'Fridugis Riverhopper'),
(7, 3, 3, 'Quinton Stevenson'),
(8, 4, 3, 'Bepriedan'),
(9, 5, 3, 'Fridugis Riverhopper'),
(10, 3, 4, 'Gage Ponce'),
(11, 4, 4, 'Etrana'),
(12, 5, 4, 'Merimas Silverstring'),
(13, 3, 5, 'Keagan Friedman'),
(14, 4, 5, 'Uglax'),
(15, 5, 5, 'Bilba Gardner'),
(16, 3, 6, 'Gunnar Maxwell'),
(17, 4, 6, 'Etrana'),
(18, 5, 6, 'Pepin Silentfoot'),
(19, 3, 7, 'Jenny Mejia'),
(20, 4, 7, 'Hoshor'),
(21, 5, 7, 'Merimas Silverstring'),
(22, 3, 8, 'Perla Garner'),
(23, 4, 8, 'Chaoburg'),
(24, 5, 8, 'Pepin Silentfoot'),
(25, 3, 9, 'Campbell Hoover'),
(26, 4, 9, 'Etrana'),
(27, 5, 9, 'Bilba Gardner'),
(28, 3, 10, 'Gael Jennings'),
(29, 4, 10, 'Etrana'),
(30, 5, 10, 'Merimas Silverstring'),
(31, 3, 11, 'Coby Grimes'),
(32, 4, 11, 'Uglax'),
(33, 5, 11, 'Lo Rumble'),
(34, 3, 12, 'Destiny Beasley'),
(35, 4, 12, 'Chaoburg'),
(36, 5, 12, 'Bilba Gardner'),
(37, 3, 13, 'Daniella Richards'),
(38, 4, 13, 'Chaoburg'),
(39, 5, 13, 'Merimas Silverstring'),
(40, 3, 14, 'Rylee Norman'),
(41, 4, 14, 'Friatho'),
(42, 5, 14, 'Fridugis Riverhopper'),
(43, 3, 15, 'Gavin Atkins'),
(44, 4, 15, 'Hoshor'),
(45, 5, 15, 'Pepin Silentfoot'),
(46, 3, 16, 'Molly Villarreal'),
(47, 4, 16, 'Friatho'),
(48, 5, 16, 'Pepin Silentfoot'),
(49, 3, 17, 'Nola Gibbs'),
(50, 4, 17, 'Chaoburg'),
(51, 5, 17, 'Fridugis Riverhopper'),
(52, 3, 18, 'Valerie Vazquez'),
(53, 4, 18, 'Etrana'),
(54, 5, 18, 'Lo Rumble'),
(55, 3, 19, 'Ariella Kane'),
(56, 4, 19, 'Uglax'),
(57, 5, 19, 'Pepin Silentfoot'),
(58, 3, 20, 'Walter Bray'),
(59, 4, 20, 'Uglax'),
(60, 5, 20, 'Pepin Silentfoot'),
(61, 3, 21, 'Nyla Glass'),
(62, 4, 21, 'Friatho'),
(63, 5, 21, 'Bilba Gardner'),
(64, 3, 22, 'Lara Tate'),
(65, 4, 22, 'Uglax'),
(66, 5, 22, 'Fridugis Riverhopper'),
(67, 3, 23, 'Wayne Crosby'),
(68, 4, 23, 'Friatho'),
(69, 5, 23, 'Bilba Gardner'),
(70, 3, 24, 'Marshall Thomas'),
(71, 4, 24, 'Etrana'),
(72, 5, 24, 'Bilba Gardner'),
(73, 3, 25, 'Rodolfo Todd'),
(74, 4, 25, 'Friatho'),
(75, 5, 25, 'Fridugis Riverhopper'),
(76, 3, 26, 'Aryan Nicholson'),
(77, 4, 26, 'Friatho'),
(78, 5, 26, 'Lo Rumble'),
(79, 3, 27, 'Charlee Norton'),
(80, 4, 27, 'Chaoburg'),
(81, 5, 27, 'Bilba Gardner'),
(82, 3, 28, 'Sydnee Kane'),
(83, 4, 28, 'Bepriedan'),
(84, 5, 28, 'Merimas Silverstring'),
(85, 3, 29, 'Kira Soto'),
(86, 4, 29, 'Etrana'),
(87, 5, 29, 'Pepin Silentfoot'),
(88, 3, 30, 'Moriah Davidson'),
(89, 4, 30, 'Bepriedan'),
(90, 5, 30, 'Merimas Silverstring'),
(91, 3, 31, 'Kaiya Burch'),
(92, 4, 31, 'Uglax'),
(93, 5, 31, 'Lo Rumble'),
(94, 3, 32, 'Hailee Murillo'),
(95, 4, 32, 'Friatho'),
(96, 5, 32, 'Pepin Silentfoot'),
(97, 3, 33, 'Steve Howe'),
(98, 4, 33, 'Uglax'),
(99, 5, 33, 'Bilba Gardner'),
(100, 3, 34, 'Finn Weber'),
(101, 4, 34, 'Hoshor'),
(102, 5, 34, 'Bilba Gardner'),
(103, 3, 35, 'Natalee Morales'),
(104, 4, 35, 'Etrana'),
(105, 5, 35, 'Pepin Silentfoot'),
(106, 3, 36, 'Bridger Callahan'),
(107, 4, 36, 'Bepriedan'),
(108, 5, 36, 'Fridugis Riverhopper'),
(109, 3, 37, 'Amari Saunders'),
(110, 4, 37, 'Friatho'),
(111, 5, 37, 'Fridugis Riverhopper'),
(112, 3, 38, 'Shyann West'),
(113, 4, 38, 'Friatho'),
(114, 5, 38, 'Merimas Silverstring'),
(115, 3, 39, 'Martha Hinton'),
(116, 4, 39, 'Etrana'),
(117, 5, 39, 'Fridugis Riverhopper'),
(118, 3, 40, 'Landyn Terry'),
(119, 4, 40, 'Friatho'),
(120, 5, 40, 'Pepin Silentfoot'),
(121, 3, 41, 'Amanda Hatfield'),
(122, 4, 41, 'Uglax'),
(123, 5, 41, 'Merimas Silverstring'),
(124, 3, 42, 'Francisco Huerta'),
(125, 4, 42, 'Bepriedan'),
(126, 5, 42, 'Bilba Gardner'),
(127, 3, 43, 'Alec Soto'),
(128, 4, 43, 'Uglax'),
(129, 5, 43, 'Pepin Silentfoot'),
(130, 3, 44, 'Janet Carey'),
(131, 4, 44, 'Hoshor'),
(132, 5, 44, 'Pepin Silentfoot'),
(133, 3, 45, 'Roderick Moyer'),
(134, 4, 45, 'Chaoburg'),
(135, 5, 45, 'Pepin Silentfoot'),
(136, 3, 46, 'Izayah Melton'),
(137, 4, 46, 'Chaoburg'),
(138, 5, 46, 'Bilba Gardner'),
(139, 3, 47, 'Markus Ewing'),
(140, 4, 47, 'Friatho'),
(141, 5, 47, 'Lo Rumble'),
(142, 3, 48, 'Adriana Villegas'),
(143, 4, 48, 'Chaoburg'),
(144, 5, 48, 'Bilba Gardner'),
(145, 3, 49, 'Damarion Horton'),
(146, 4, 49, 'Etrana'),
(147, 5, 49, 'Fridugis Riverhopper'),
(148, 3, 50, 'Brenda Orr'),
(149, 4, 50, 'Etrana'),
(150, 5, 50, 'Lo Rumble'),
(151, 3, 51, 'Trystan Chapman'),
(152, 4, 51, 'Hoshor'),
(153, 5, 51, 'Fridugis Riverhopper'),
(154, 3, 52, 'Logan Kidd'),
(155, 4, 52, 'Hoshor'),
(156, 5, 52, 'Bilba Gardner'),
(157, 3, 53, 'Misael Powers'),
(158, 4, 53, 'Etrana'),
(159, 5, 53, 'Lo Rumble'),
(160, 3, 54, 'Precious Mccann'),
(161, 4, 54, 'Hoshor'),
(162, 5, 54, 'Fridugis Riverhopper'),
(163, 3, 55, 'Athena Barnett'),
(164, 4, 55, 'Hoshor'),
(165, 5, 55, 'Pepin Silentfoot'),
(166, 3, 56, 'Efrain Wang'),
(167, 4, 56, 'Uglax'),
(168, 5, 56, 'Lo Rumble'),
(169, 3, 57, 'Valerie Rich'),
(170, 4, 57, 'Bepriedan'),
(171, 5, 57, 'Merimas Silverstring'),
(172, 3, 58, 'Alexandria Hunter'),
(173, 4, 58, 'Hoshor'),
(174, 5, 58, 'Lo Rumble'),
(175, 3, 59, 'Reyna Hays'),
(176, 4, 59, 'Chaoburg'),
(177, 5, 59, 'Fridugis Riverhopper'),
(178, 3, 60, 'Jon Kerr'),
(179, 4, 60, 'Friatho'),
(180, 5, 60, 'Pepin Silentfoot'),
(181, 3, 61, 'Kameron Boyd'),
(182, 4, 61, 'Bepriedan'),
(183, 5, 61, 'Pepin Silentfoot'),
(184, 3, 62, 'William Ross'),
(185, 4, 62, 'Uglax'),
(186, 5, 62, 'Merimas Silverstring'),
(187, 3, 63, 'Mark Shaw'),
(188, 4, 63, 'Friatho'),
(189, 5, 63, 'Fridugis Riverhopper'),
(190, 3, 64, 'Joselyn Hobbs'),
(191, 4, 64, 'Etrana'),
(192, 5, 64, 'Bilba Gardner'),
(193, 3, 65, 'Omar Spencer'),
(194, 4, 65, 'Etrana'),
(195, 5, 65, 'Bilba Gardner'),
(196, 3, 66, 'Misael Padilla'),
(197, 4, 66, 'Friatho'),
(198, 5, 66, 'Fridugis Riverhopper'),
(199, 3, 67, 'Carolyn Velazquez'),
(200, 4, 67, 'Friatho'),
(201, 5, 67, 'Pepin Silentfoot'),
(202, 3, 68, 'Gabrielle Mcneil'),
(203, 4, 68, 'Bepriedan'),
(204, 5, 68, 'Pepin Silentfoot'),
(205, 3, 69, 'Bryce Brady'),
(206, 4, 69, 'Friatho'),
(207, 5, 69, 'Bilba Gardner'),
(208, 3, 70, 'Jayvon Middleton'),
(209, 4, 70, 'Bepriedan'),
(210, 5, 70, 'Fridugis Riverhopper'),
(211, 3, 71, 'Kaia Wheeler'),
(212, 4, 71, 'Bepriedan'),
(213, 5, 71, 'Lo Rumble'),
(214, 3, 72, 'Rylee Holden'),
(215, 4, 72, 'Bepriedan'),
(216, 5, 72, 'Pepin Silentfoot'),
(217, 3, 73, 'Emerson Roman'),
(218, 4, 73, 'Etrana'),
(219, 5, 73, 'Fridugis Riverhopper'),
(220, 3, 74, 'Eva Black'),
(221, 4, 74, 'Uglax'),
(222, 5, 74, 'Bilba Gardner'),
(223, 3, 75, 'Shyann Jimenez'),
(224, 4, 75, 'Etrana'),
(225, 5, 75, 'Fridugis Riverhopper'),
(226, 3, 76, 'Byron Merritt'),
(227, 4, 76, 'Chaoburg'),
(228, 5, 76, 'Fridugis Riverhopper'),
(229, 3, 77, 'Issac Osborne'),
(230, 4, 77, 'Uglax'),
(231, 5, 77, 'Lo Rumble'),
(232, 3, 78, 'Kellen Hicks'),
(233, 4, 78, 'Uglax'),
(234, 5, 78, 'Bilba Gardner'),
(235, 3, 79, 'Steven Andrews'),
(236, 4, 79, 'Friatho'),
(237, 5, 79, 'Merimas Silverstring'),
(238, 3, 80, 'Skyler Brooks'),
(239, 4, 80, 'Bepriedan'),
(240, 5, 80, 'Merimas Silverstring'),
(241, 3, 81, 'Adam Solomon'),
(242, 4, 81, 'Hoshor'),
(243, 5, 81, 'Pepin Silentfoot'),
(244, 3, 82, 'Payton Bauer'),
(245, 4, 82, 'Chaoburg'),
(246, 5, 82, 'Fridugis Riverhopper'),
(247, 3, 83, 'Jaylee Stephenson'),
(248, 4, 83, 'Friatho'),
(249, 5, 83, 'Fridugis Riverhopper'),
(250, 3, 84, 'Tiffany Joyce'),
(251, 4, 84, 'Friatho'),
(252, 5, 84, 'Lo Rumble'),
(253, 3, 85, 'Jasper Morales'),
(254, 4, 85, 'Chaoburg'),
(255, 5, 85, 'Fridugis Riverhopper'),
(256, 3, 86, 'Hadley Arnold'),
(257, 4, 86, 'Chaoburg'),
(258, 5, 86, 'Fridugis Riverhopper'),
(259, 3, 87, 'Marina Krueger'),
(260, 4, 87, 'Hoshor'),
(261, 5, 87, 'Pepin Silentfoot'),
(262, 3, 88, 'Marlie Powers'),
(263, 4, 88, 'Etrana'),
(264, 5, 88, 'Fridugis Riverhopper'),
(265, 3, 89, 'Landen Galvan'),
(266, 4, 89, 'Hoshor'),
(267, 5, 89, 'Merimas Silverstring'),
(268, 3, 90, 'Jamari Hawkins'),
(269, 4, 90, 'Friatho'),
(270, 5, 90, 'Pepin Silentfoot'),
(271, 3, 91, 'Brittany Cooke'),
(272, 4, 91, 'Friatho'),
(273, 5, 91, 'Lo Rumble'),
(274, 3, 92, 'Rodney Keller'),
(275, 4, 92, 'Bepriedan'),
(276, 5, 92, 'Pepin Silentfoot'),
(277, 3, 93, 'Ramon Williamson'),
(278, 4, 93, 'Friatho'),
(279, 5, 93, 'Pepin Silentfoot'),
(280, 3, 94, 'Hallie Shaffer'),
(281, 4, 94, 'Uglax'),
(282, 5, 94, 'Fridugis Riverhopper'),
(283, 3, 95, 'Paola Baxter'),
(284, 4, 95, 'Friatho'),
(285, 5, 95, 'Fridugis Riverhopper'),
(286, 3, 96, 'Kali Lucero'),
(287, 4, 96, 'Etrana'),
(288, 5, 96, 'Merimas Silverstring'),
(289, 3, 97, 'Wayne Douglas'),
(290, 4, 97, 'Etrana'),
(291, 5, 97, 'Lo Rumble'),
(292, 3, 98, 'Edwin Paul'),
(293, 4, 98, 'Bepriedan'),
(294, 5, 98, 'Fridugis Riverhopper'),
(295, 3, 99, 'Ruth Livingston'),
(296, 4, 99, 'Bepriedan'),
(297, 5, 99, 'Bilba Gardner'),
(298, 3, 100, 'Asia Hardy'),
(299, 4, 100, 'Bepriedan'),
(300, 5, 100, 'Merimas Silverstring');

-- --------------------------------------------------------

--
-- Table structure for table `demo_users`
--

CREATE TABLE `demo_users` (
  `uid` int UNSIGNED NOT NULL DEFAULT '0',
  `name` varchar(60) NOT NULL DEFAULT '',
  `mail` varchar(64) DEFAULT ''
) ENGINE=InnoDB DEFAULT CHARSET=utf8mb3;

--
-- Dumping data for table `demo_users`
--

INSERT INTO `demo_users` (`uid`, `name`, `mail`) VALUES
(1, 'additi_nte_mite', 'geoge.schmtt@lala.com'),
(2, 'wurfi_gd_bersome', 'alfnso.hoffan@lala.com'),
(3, 'mostaf_g_wing', 'quinon.sevenson@lala.com'),
(4, 'chell_bor_ed', 'gage.pone@lala.com'),
(5, 'mouth_dbai_y', 'kagan.fredman@lala.com'),
(6, 'tramp_li_ehoury', 'unnar.axwell@lala.com'),
(7, 'sear_dwool_ich', 'jenn.meji@lala.com'),
(8, 'norb_rtre_orm', 'pela.garnr@lala.com'),
(9, 'chad_andf_awed', 'ampbell.oover@lala.com'),
(10, 'enedw_ith_enville', 'ael.jennngs@lala.com'),
(11, 'care_rbri_f', 'cob.gimes@lala.com'),
(12, 'litera_ybu_pkin', 'desiny.beasey@lala.com'),
(13, 'weamy_xcit_ment', 'danella.richrds@lala.com'),
(14, 'earsu_vive_', 'ryle.noran@lala.com'),
(15, 'hick_eteo_ojinx', 'gavn.tkins@lala.com'),
(16, 'himse_fted_ime', 'olly.illarreal@lala.com'),
(17, 'underg_ant_ology', 'noa.gibs@lala.com'),
(18, 'pearlb_t_on', 'alerie.vaquez@lala.com'),
(19, 'brie_stap_', 'arilla.ane@lala.com'),
(20, 'surm_seco_e', 'alter.bra@lala.com'),
(21, 'slime_urde_', 'nya.glss@lala.com'),
(22, 'laug_check_', 'lra.tat@lala.com'),
(23, 'eaterm_n_led', 'wyne.croby@lala.com'),
(24, 'bearu_de_stand', 'marsall.tomas@lala.com'),
(25, 'harpye_s_ern', 'rodlfo.odd@lala.com'),
(26, 'brough_n_pcheese', 'arya.ncholson@lala.com'),
(27, 'welsh_es_', 'charee.nortn@lala.com'),
(28, 'stro_glim_ic', 'sydee.kne@lala.com'),
(29, 'wrest_ersa_oring', 'kia.soo@lala.com'),
(30, 'sowerb_r_ytick', 'morah.daidson@lala.com'),
(31, 'hassa_oi_', 'kaiy.buch@lala.com'),
(32, 'surge_np_bster', 'haile.mrillo@lala.com'),
(33, 'whimp_ew_terski', 'teve.hwe@lala.com'),
(34, 'tickto_k_quate', 'inn.wber@lala.com'),
(35, 'effi_ienc_buckwheat', 'naalee.morles@lala.com'),
(36, 'blut_ingf_resail', 'briger.cllahan@lala.com'),
(37, 'exxo_catni_', 'mari.sauners@lala.com'),
(38, 'macaw_ube_', 'hyann.wes@lala.com'),
(39, 'golfer_rim_ry', 'matha.inton@lala.com'),
(40, 'quoti_nt_unch', 'lanyn.terr@lala.com'),
(41, 'revea_fr_nchy', 'aanda.htfield@lala.com'),
(42, 'punis_men_bangbang', 'fancisco.hueta@lala.com'),
(43, 'improv_flu_gers', 'alec.soto@lala.com'),
(44, 'curec_ity_ootransport', 'jaet.care@lala.com'),
(45, 'ease_ot_', 'rodrick.moye@lala.com'),
(46, 'dumba_sfe_ret', 'izayh.meltn@lala.com'),
(47, 'cahoo_st_ip', 'marus.ewig@lala.com'),
(48, 'illfat_dai_', 'adrina.vilegas@lala.com'),
(49, 'famil_ar_agwitch', 'damrion.hortn@lala.com'),
(50, 'festo_nl_nspresado', 'renda.or@lala.com'),
(51, 'wink_karka_off', 'tystan.chapan@lala.com'),
(52, 'feel_ngpop_', 'lgan.kid@lala.com'),
(53, 'agiles_on_mason', 'isael.poers@lala.com'),
(54, 'pettyb_bl_', 'precous.mcann@lala.com'),
(55, 'dobby_ir_e', 'atena.barett@lala.com'),
(56, 'chiss_ngr_searcher', 'erain.wang@lala.com'),
(57, 'skants_or_upt', 'valeie.rch@lala.com'),
(58, 'snapf_on_al', 'alexndria.huner@lala.com'),
(59, 'waywa_ds_ene', 'rena.has@lala.com'),
(60, 'snicto_w_irr', 'on.err@lala.com'),
(61, 'cornea_ei_ht', 'kmeron.oyd@lala.com'),
(62, 'gann_the_am', 'wlliam.ross@lala.com'),
(63, 'conf_und_dgrod', 'mar.haw@lala.com'),
(64, 'wors_edun_ol', 'joelyn.hobs@lala.com'),
(65, 'spust_ard_', 'omr.specer@lala.com'),
(66, 'billi_kinb_lted', 'misel.padlla@lala.com'),
(67, 'cycl_fifth_', 'arolyn.veazquez@lala.com'),
(68, 'prac_ica_damaging', 'gabrelle.mcnil@lala.com'),
(69, 'fencer_or_ie', 'byce.bady@lala.com'),
(70, 'rowin_sno_ble', 'ayvon.iddleton@lala.com'),
(71, 'helmc_ll_', 'kaia.weeler@lala.com'),
(72, 'scor_hedm_d', 'ryle.hoden@lala.com'),
(73, 'resi_tan_eprime', 'emeron.roma@lala.com'),
(74, 'scutt_esbo_fin', 'ev.blac@lala.com'),
(75, 'inse_tbrag_art', 'shyan.imenez@lala.com'),
(76, 'came_ircu_ar', 'byro.erritt@lala.com'),
(77, 'wors_explo_e', 'issc.osbone@lala.com'),
(78, 'trysai_dr_ss', 'kllen.hiks@lala.com'),
(79, 'fetchg_o_ty', 'seven.ndrews@lala.com'),
(80, 'bitte_nexp_riment', 'skler.broks@lala.com'),
(81, 'abrup_ago_izing', 'dam.soomon@lala.com'),
(82, 'gentl_rosy_', 'payon.buer@lala.com'),
(83, 'neck_iesn_ctor', 'jayee.sephenson@lala.com'),
(84, 'zwodd_rycl_bs', 'iffany.joyc@lala.com'),
(85, 'prick_yba_hroom', 'jaspr.moraes@lala.com'),
(86, 'icesk_tes_eaky', 'haley.arold@lala.com'),
(87, 'pand_qua_ified', 'maria.krueer@lala.com'),
(88, 'vein_evela_ion', 'arlie.powrs@lala.com'),
(89, 'umpire_pti_istic', 'lanen.galvn@lala.com'),
(90, 'invest_e_tsleauty', 'jamai.hawins@lala.com'),
(91, 'dalcop_ro_n', 'rittany.coke@lala.com'),
(92, 'mimsy_to_ly', 'odney.keler@lala.com'),
(93, 'peps_opt_mal', 'raon.illiamson@lala.com'),
(94, 'capo_maple_', 'halie.shafer@lala.com'),
(95, 'flird_sp_rse', 'aola.bater@lala.com'),
(96, 'swed_shnec_', 'kai.lcero@lala.com'),
(97, 'tech_ical_hopkins', 'waye.duglas@lala.com'),
(98, 'boff_lau_ilized', 'dwin.pau@lala.com'),
(99, 'genoa_ubt_e', 'rut.livigston@lala.com'),
(100, 'batter_yem_ni', 'asa.ardy@lala.com');

-- --------------------------------------------------------

--
-- Table structure for table `failed_jobs`
--

CREATE TABLE `failed_jobs` (
  `id` bigint UNSIGNED NOT NULL,
  `uuid` varchar(255) COLLATE utf8mb4_unicode_ci NOT NULL,
  `connection` text COLLATE utf8mb4_unicode_ci NOT NULL,
  `queue` text COLLATE utf8mb4_unicode_ci NOT NULL,
  `payload` longtext COLLATE utf8mb4_unicode_ci NOT NULL,
  `exception` longtext COLLATE utf8mb4_unicode_ci NOT NULL,
  `failed_at` timestamp NOT NULL DEFAULT CURRENT_TIMESTAMP
) ENGINE=InnoDB DEFAULT CHARSET=utf8mb4 COLLATE=utf8mb4_unicode_ci;

-- --------------------------------------------------------

--
-- Table structure for table `migrations`
--

CREATE TABLE `migrations` (
  `id` int UNSIGNED NOT NULL,
  `migration` varchar(255) COLLATE utf8mb4_unicode_ci NOT NULL,
  `batch` int NOT NULL
) ENGINE=InnoDB DEFAULT CHARSET=utf8mb4 COLLATE=utf8mb4_unicode_ci;

--
-- Dumping data for table `migrations`
--

INSERT INTO `migrations` (`id`, `migration`, `batch`) VALUES
(9, '2014_10_12_000000_create_users_table', 1),
(10, '2014_10_12_100000_create_password_resets_table', 1),
(11, '2019_08_19_000000_create_failed_jobs_table', 1),
(12, '2019_12_14_000001_create_personal_access_tokens_table', 1),
(15, '2022_12_19_044553_create_user_score_table', 2);

-- --------------------------------------------------------

--
-- Table structure for table `password_resets`
--

CREATE TABLE `password_resets` (
  `email` varchar(255) COLLATE utf8mb4_unicode_ci NOT NULL,
  `token` varchar(255) COLLATE utf8mb4_unicode_ci NOT NULL,
  `created_at` timestamp NULL DEFAULT NULL
) ENGINE=InnoDB DEFAULT CHARSET=utf8mb4 COLLATE=utf8mb4_unicode_ci;

-- --------------------------------------------------------

--
-- Table structure for table `personal_access_tokens`
--

CREATE TABLE `personal_access_tokens` (
  `id` bigint UNSIGNED NOT NULL,
  `tokenable_type` varchar(255) COLLATE utf8mb4_unicode_ci NOT NULL,
  `tokenable_id` bigint UNSIGNED NOT NULL,
  `name` varchar(255) COLLATE utf8mb4_unicode_ci NOT NULL,
  `token` varchar(64) COLLATE utf8mb4_unicode_ci NOT NULL,
  `abilities` text COLLATE utf8mb4_unicode_ci,
  `last_used_at` timestamp NULL DEFAULT NULL,
  `expires_at` timestamp NULL DEFAULT NULL,
  `created_at` timestamp NULL DEFAULT NULL,
  `updated_at` timestamp NULL DEFAULT NULL
) ENGINE=InnoDB DEFAULT CHARSET=utf8mb4 COLLATE=utf8mb4_unicode_ci;

-- --------------------------------------------------------

--
-- Table structure for table `users`
--

CREATE TABLE `users` (
  `id` bigint UNSIGNED NOT NULL,
  `name` varchar(255) COLLATE utf8mb4_unicode_ci NOT NULL,
  `email` varchar(255) COLLATE utf8mb4_unicode_ci NOT NULL,
  `email_verified_at` timestamp NULL DEFAULT NULL,
  `password` varchar(255) COLLATE utf8mb4_unicode_ci NOT NULL,
  `remember_token` varchar(100) COLLATE utf8mb4_unicode_ci DEFAULT NULL,
  `created_at` timestamp NULL DEFAULT NULL,
  `updated_at` timestamp NULL DEFAULT NULL
) ENGINE=InnoDB DEFAULT CHARSET=utf8mb4 COLLATE=utf8mb4_unicode_ci;

-- --------------------------------------------------------

--
-- Table structure for table `user_score`
--

CREATE TABLE `user_score` (
  `id` bigint UNSIGNED NOT NULL,
  `user_id` int UNSIGNED NOT NULL,
  `value` varchar(255) COLLATE utf8mb4_unicode_ci NOT NULL,
  `score` tinyint NOT NULL
) ENGINE=InnoDB DEFAULT CHARSET=utf8mb4 COLLATE=utf8mb4_unicode_ci;

--
-- Dumping data for table `user_score`
--

INSERT INTO `user_score` (`id`, `user_id`, `value`, `score`) VALUES
(1, 1, 'additi', 1),
(2, 1, 'nte', 1),
(3, 1, 'mite', 1),
(4, 1, 'geoge', 2),
(5, 1, 'schmtt', 2),
(6, 1, 'George', 4),
(7, 1, 'Schmitt', 4),
(8, 2, 'wurfi', 1),
(9, 2, 'gd', 1),
(10, 2, 'bersome', 1),
(11, 2, 'alfnso', 2),
(12, 2, 'hoffan', 2),
(13, 2, 'Alfonso', 4),
(14, 2, 'Hoffman', 4),
(15, 3, 'mostaf', 1),
(16, 3, 'g', 1),
(17, 3, 'wing', 1),
(18, 3, 'quinon', 2),
(19, 3, 'sevenson', 2),
(20, 3, 'Quinton', 4),
(21, 3, 'Stevenson', 4),
(22, 4, 'chell', 1),
(23, 4, 'bor', 1),
(24, 4, 'ed', 1),
(25, 4, 'gage', 2),
(26, 4, 'pone', 2),
(27, 4, 'Gage', 4),
(28, 4, 'Ponce', 4),
(29, 5, 'mouth', 1),
(30, 5, 'dbai', 1),
(31, 5, 'y', 1),
(32, 5, 'kagan', 2),
(33, 5, 'fredman', 2),
(34, 5, 'Keagan', 4),
(35, 5, 'Friedman', 4),
(36, 6, 'tramp', 1),
(37, 6, 'li', 1),
(38, 6, 'ehoury', 1),
(39, 6, 'unnar', 2),
(40, 6, 'axwell', 2),
(41, 6, 'Gunnar', 4),
(42, 6, 'Maxwell', 4),
(43, 7, 'sear', 1),
(44, 7, 'dwool', 1),
(45, 7, 'ich', 1),
(46, 7, 'jenn', 2),
(47, 7, 'meji', 2),
(48, 7, 'Jenny', 4),
(49, 7, 'Mejia', 4),
(50, 8, 'norb', 1),
(51, 8, 'rtre', 1),
(52, 8, 'orm', 1),
(53, 8, 'pela', 2),
(54, 8, 'garnr', 2),
(55, 8, 'Perla', 4),
(56, 8, 'Garner', 4),
(57, 9, 'chad', 1),
(58, 9, 'andf', 1),
(59, 9, 'awed', 1),
(60, 9, 'ampbell', 2),
(61, 9, 'oover', 2),
(62, 9, 'Campbell', 4),
(63, 9, 'Hoover', 4),
(64, 10, 'enedw', 1),
(65, 10, 'ith', 1),
(66, 10, 'enville', 1),
(67, 10, 'ael', 2),
(68, 10, 'jennngs', 2),
(69, 10, 'Gael', 4),
(70, 10, 'Jennings', 4),
(71, 11, 'care', 1),
(72, 11, 'rbri', 1),
(73, 11, 'f', 1),
(74, 11, 'cob', 2),
(75, 11, 'gimes', 2),
(76, 11, 'Coby', 4),
(77, 11, 'Grimes', 4),
(78, 12, 'litera', 1),
(79, 12, 'ybu', 1),
(80, 12, 'pkin', 1),
(81, 12, 'desiny', 2),
(82, 12, 'beasey', 2),
(83, 12, 'Destiny', 4),
(84, 12, 'Beasley', 4),
(85, 13, 'weamy', 1),
(86, 13, 'xcit', 1),
(87, 13, 'ment', 1),
(88, 13, 'danella', 2),
(89, 13, 'richrds', 2),
(90, 13, 'Daniella', 4),
(91, 13, 'Richards', 4),
(92, 14, 'earsu', 1),
(93, 14, 'vive', 1),
(94, 14, 'ryle', 2),
(95, 14, 'noran', 2),
(96, 14, 'Rylee', 4),
(97, 14, 'Norman', 4),
(98, 15, 'hick', 1),
(99, 15, 'eteo', 1),
(100, 15, 'ojinx', 1),
(101, 15, 'gavn', 2),
(102, 15, 'tkins', 2),
(103, 15, 'Gavin', 4),
(104, 15, 'Atkins', 4),
(105, 16, 'himse', 1),
(106, 16, 'fted', 1),
(107, 16, 'ime', 1),
(108, 16, 'olly', 2),
(109, 16, 'illarreal', 2),
(110, 16, 'Molly', 4),
(111, 16, 'Villarreal', 4),
(112, 17, 'underg', 1),
(113, 17, 'ant', 1),
(114, 17, 'ology', 1),
(115, 17, 'noa', 2),
(116, 17, 'gibs', 2),
(117, 17, 'Nola', 4),
(118, 17, 'Gibbs', 4),
(119, 18, 'pearlb', 1),
(120, 18, 't', 1),
(121, 18, 'on', 1),
(122, 18, 'alerie', 2),
(123, 18, 'vaquez', 2),
(124, 18, 'Valerie', 4),
(125, 18, 'Vazquez', 4),
(126, 19, 'brie', 1),
(127, 19, 'stap', 1),
(128, 19, 'arilla', 2),
(129, 19, 'ane', 2),
(130, 19, 'Ariella', 4),
(131, 19, 'Kane', 4),
(132, 20, 'surm', 1),
(133, 20, 'seco', 1),
(134, 20, 'e', 1),
(135, 20, 'alter', 2),
(136, 20, 'bra', 2),
(137, 20, 'Walter', 4),
(138, 20, 'Bray', 4),
(139, 21, 'slime', 1),
(140, 21, 'urde', 1),
(141, 21, 'nya', 2),
(142, 21, 'glss', 2),
(143, 21, 'Nyla', 4),
(144, 21, 'Glass', 4),
(145, 22, 'laug', 1),
(146, 22, 'check', 1),
(147, 22, 'lra', 2),
(148, 22, 'tat', 2),
(149, 22, 'Lara', 4),
(150, 22, 'Tate', 4),
(151, 23, 'eaterm', 1),
(152, 23, 'n', 1),
(153, 23, 'led', 1),
(154, 23, 'wyne', 2),
(155, 23, 'croby', 2),
(156, 23, 'Wayne', 4),
(157, 23, 'Crosby', 4),
(158, 24, 'bearu', 1),
(159, 24, 'de', 1),
(160, 24, 'stand', 1),
(161, 24, 'marsall', 2),
(162, 24, 'tomas', 2),
(163, 24, 'Marshall', 4),
(164, 24, 'Thomas', 4),
(165, 25, 'harpye', 1),
(166, 25, 's', 1),
(167, 25, 'ern', 1),
(168, 25, 'rodlfo', 2),
(169, 25, 'odd', 2),
(170, 25, 'Rodolfo', 4),
(171, 25, 'Todd', 4),
(172, 26, 'brough', 1),
(173, 26, 'n', 1),
(174, 26, 'pcheese', 1),
(175, 26, 'arya', 2),
(176, 26, 'ncholson', 2),
(177, 26, 'Aryan', 4),
(178, 26, 'Nicholson', 4),
(179, 27, 'welsh', 1),
(180, 27, 'es', 1),
(181, 27, 'charee', 2),
(182, 27, 'nortn', 2),
(183, 27, 'Charlee', 4),
(184, 27, 'Norton', 4),
(185, 28, 'stro', 1),
(186, 28, 'glim', 1),
(187, 28, 'ic', 1),
(188, 28, 'sydee', 2),
(189, 28, 'kne', 2),
(190, 28, 'Sydnee', 4),
(191, 28, 'Kane', 4),
(192, 29, 'wrest', 1),
(193, 29, 'ersa', 1),
(194, 29, 'oring', 1),
(195, 29, 'kia', 2),
(196, 29, 'soo', 2),
(197, 29, 'Kira', 4),
(198, 29, 'Soto', 4),
(199, 30, 'sowerb', 1),
(200, 30, 'r', 1),
(201, 30, 'ytick', 1),
(202, 30, 'morah', 2),
(203, 30, 'daidson', 2),
(204, 30, 'Moriah', 4),
(205, 30, 'Davidson', 4),
(206, 31, 'hassa', 1),
(207, 31, 'oi', 1),
(208, 31, 'kaiy', 2),
(209, 31, 'buch', 2),
(210, 31, 'Kaiya', 4),
(211, 31, 'Burch', 4),
(212, 32, 'surge', 1),
(213, 32, 'np', 1),
(214, 32, 'bster', 1),
(215, 32, 'haile', 2),
(216, 32, 'mrillo', 2),
(217, 32, 'Hailee', 4),
(218, 32, 'Murillo', 4),
(219, 33, 'whimp', 1),
(220, 33, 'ew', 1),
(221, 33, 'terski', 1),
(222, 33, 'teve', 2),
(223, 33, 'hwe', 2),
(224, 33, 'Steve', 4),
(225, 33, 'Howe', 4),
(226, 34, 'tickto', 1),
(227, 34, 'k', 1),
(228, 34, 'quate', 1),
(229, 34, 'inn', 2),
(230, 34, 'wber', 2),
(231, 34, 'Finn', 4),
(232, 34, 'Weber', 4),
(233, 35, 'effi', 1),
(234, 35, 'ienc', 1),
(235, 35, 'buckwheat', 1),
(236, 35, 'naalee', 2),
(237, 35, 'morles', 2),
(238, 35, 'Natalee', 4),
(239, 35, 'Morales', 4),
(240, 36, 'blut', 1),
(241, 36, 'ingf', 1),
(242, 36, 'resail', 1),
(243, 36, 'briger', 2),
(244, 36, 'cllahan', 2),
(245, 36, 'Bridger', 4),
(246, 36, 'Callahan', 4),
(247, 37, 'exxo', 1),
(248, 37, 'catni', 1),
(249, 37, 'mari', 2),
(250, 37, 'sauners', 2),
(251, 37, 'Amari', 4),
(252, 37, 'Saunders', 4),
(253, 38, 'macaw', 1),
(254, 38, 'ube', 1),
(255, 38, 'hyann', 2),
(256, 38, 'wes', 2),
(257, 38, 'Shyann', 4),
(258, 38, 'West', 4),
(259, 39, 'golfer', 1),
(260, 39, 'rim', 1),
(261, 39, 'ry', 1),
(262, 39, 'matha', 2),
(263, 39, 'inton', 2),
(264, 39, 'Martha', 4),
(265, 39, 'Hinton', 4),
(266, 40, 'quoti', 1),
(267, 40, 'nt', 1),
(268, 40, 'unch', 1),
(269, 40, 'lanyn', 2),
(270, 40, 'terr', 2),
(271, 40, 'Landyn', 4),
(272, 40, 'Terry', 4),
(273, 41, 'revea', 1),
(274, 41, 'fr', 1),
(275, 41, 'nchy', 1),
(276, 41, 'aanda', 2),
(277, 41, 'htfield', 2),
(278, 41, 'Amanda', 4),
(279, 41, 'Hatfield', 4),
(280, 42, 'punis', 1),
(281, 42, 'men', 1),
(282, 42, 'bangbang', 1),
(283, 42, 'fancisco', 2),
(284, 42, 'hueta', 2),
(285, 42, 'Francisco', 4),
(286, 42, 'Huerta', 4),
(287, 43, 'improv', 1),
(288, 43, 'flu', 1),
(289, 43, 'gers', 1),
(290, 43, 'alec', 2),
(291, 43, 'soto', 2),
(292, 43, 'Alec', 4),
(293, 43, 'Soto', 4),
(294, 44, 'curec', 1),
(295, 44, 'ity', 1),
(296, 44, 'ootransport', 1),
(297, 44, 'jaet', 2),
(298, 44, 'care', 2),
(299, 44, 'Janet', 4),
(300, 44, 'Carey', 4),
(301, 45, 'ease', 1),
(302, 45, 'ot', 1),
(303, 45, 'rodrick', 2),
(304, 45, 'moye', 2),
(305, 45, 'Roderick', 4),
(306, 45, 'Moyer', 4),
(307, 46, 'dumba', 1),
(308, 46, 'sfe', 1),
(309, 46, 'ret', 1),
(310, 46, 'izayh', 2),
(311, 46, 'meltn', 2),
(312, 46, 'Izayah', 4),
(313, 46, 'Melton', 4),
(314, 47, 'cahoo', 1),
(315, 47, 'st', 1),
(316, 47, 'ip', 1),
(317, 47, 'marus', 2),
(318, 47, 'ewig', 2),
(319, 47, 'Markus', 4),
(320, 47, 'Ewing', 4),
(321, 48, 'illfat', 1),
(322, 48, 'dai', 1),
(323, 48, 'adrina', 2),
(324, 48, 'vilegas', 2),
(325, 48, 'Adriana', 4),
(326, 48, 'Villegas', 4),
(327, 49, 'famil', 1),
(328, 49, 'ar', 1),
(329, 49, 'agwitch', 1),
(330, 49, 'damrion', 2),
(331, 49, 'hortn', 2),
(332, 49, 'Damarion', 4),
(333, 49, 'Horton', 4),
(334, 50, 'festo', 1),
(335, 50, 'nl', 1),
(336, 50, 'nspresado', 1),
(337, 50, 'renda', 2),
(338, 50, 'or', 2),
(339, 50, 'Brenda', 4),
(340, 50, 'Orr', 4),
(341, 51, 'wink', 1),
(342, 51, 'karka', 1),
(343, 51, 'off', 1),
(344, 51, 'tystan', 2),
(345, 51, 'chapan', 2),
(346, 51, 'Trystan', 4),
(347, 51, 'Chapman', 4),
(348, 52, 'feel', 1),
(349, 52, 'ngpop', 1),
(350, 52, 'lgan', 2),
(351, 52, 'kid', 2),
(352, 52, 'Logan', 4),
(353, 52, 'Kidd', 4),
(354, 53, 'agiles', 1),
(355, 53, 'on', 1),
(356, 53, 'mason', 1),
(357, 53, 'isael', 2),
(358, 53, 'poers', 2),
(359, 53, 'Misael', 4),
(360, 53, 'Powers', 4),
(361, 54, 'pettyb', 1),
(362, 54, 'bl', 1),
(363, 54, 'precous', 2),
(364, 54, 'mcann', 2),
(365, 54, 'Precious', 4),
(366, 54, 'Mccann', 4),
(367, 55, 'dobby', 1),
(368, 55, 'ir', 1),
(369, 55, 'e', 1),
(370, 55, 'atena', 2),
(371, 55, 'barett', 2),
(372, 55, 'Athena', 4),
(373, 55, 'Barnett', 4),
(374, 56, 'chiss', 1),
(375, 56, 'ngr', 1),
(376, 56, 'searcher', 1),
(377, 56, 'erain', 2),
(378, 56, 'wang', 2),
(379, 56, 'Efrain', 4),
(380, 56, 'Wang', 4),
(381, 57, 'skants', 1),
(382, 57, 'or', 1),
(383, 57, 'upt', 1),
(384, 57, 'valeie', 2),
(385, 57, 'rch', 2),
(386, 57, 'Valerie', 4),
(387, 57, 'Rich', 4),
(388, 58, 'snapf', 1),
(389, 58, 'on', 1),
(390, 58, 'al', 1),
(391, 58, 'alexndria', 2),
(392, 58, 'huner', 2),
(393, 58, 'Alexandria', 4),
(394, 58, 'Hunter', 4),
(395, 59, 'waywa', 1),
(396, 59, 'ds', 1),
(397, 59, 'ene', 1),
(398, 59, 'rena', 2),
(399, 59, 'has', 2),
(400, 59, 'Reyna', 4),
(401, 59, 'Hays', 4),
(402, 60, 'snicto', 1),
(403, 60, 'w', 1),
(404, 60, 'irr', 1),
(405, 60, 'on', 2),
(406, 60, 'err', 2),
(407, 60, 'Jon', 4),
(408, 60, 'Kerr', 4),
(409, 61, 'cornea', 1),
(410, 61, 'ei', 1),
(411, 61, 'ht', 1),
(412, 61, 'kmeron', 2),
(413, 61, 'oyd', 2),
(414, 61, 'Kameron', 4),
(415, 61, 'Boyd', 4),
(416, 62, 'gann', 1),
(417, 62, 'the', 1),
(418, 62, 'am', 1),
(419, 62, 'wlliam', 2),
(420, 62, 'ross', 2),
(421, 62, 'William', 4),
(422, 62, 'Ross', 4),
(423, 63, 'conf', 1),
(424, 63, 'und', 1),
(425, 63, 'dgrod', 1),
(426, 63, 'mar', 2),
(427, 63, 'haw', 2),
(428, 63, 'Mark', 4),
(429, 63, 'Shaw', 4),
(430, 64, 'wors', 1),
(431, 64, 'edun', 1),
(432, 64, 'ol', 1),
(433, 64, 'joelyn', 2),
(434, 64, 'hobs', 2),
(435, 64, 'Joselyn', 4),
(436, 64, 'Hobbs', 4),
(437, 65, 'spust', 1),
(438, 65, 'ard', 1),
(439, 65, 'omr', 2),
(440, 65, 'specer', 2),
(441, 65, 'Omar', 4),
(442, 65, 'Spencer', 4),
(443, 66, 'billi', 1),
(444, 66, 'kinb', 1),
(445, 66, 'lted', 1),
(446, 66, 'misel', 2),
(447, 66, 'padlla', 2),
(448, 66, 'Misael', 4),
(449, 66, 'Padilla', 4),
(450, 67, 'cycl', 1),
(451, 67, 'fifth', 1),
(452, 67, 'arolyn', 2),
(453, 67, 'veazquez', 2),
(454, 67, 'Carolyn', 4),
(455, 67, 'Velazquez', 4),
(456, 68, 'prac', 1),
(457, 68, 'ica', 1),
(458, 68, 'damaging', 1),
(459, 68, 'gabrelle', 2),
(460, 68, 'mcnil', 2),
(461, 68, 'Gabrielle', 4),
(462, 68, 'Mcneil', 4),
(463, 69, 'fencer', 1),
(464, 69, 'or', 1),
(465, 69, 'ie', 1),
(466, 69, 'byce', 2),
(467, 69, 'bady', 2),
(468, 69, 'Bryce', 4),
(469, 69, 'Brady', 4),
(470, 70, 'rowin', 1),
(471, 70, 'sno', 1),
(472, 70, 'ble', 1),
(473, 70, 'ayvon', 2),
(474, 70, 'iddleton', 2),
(475, 70, 'Jayvon', 4),
(476, 70, 'Middleton', 4),
(477, 71, 'helmc', 1),
(478, 71, 'll', 1),
(479, 71, 'kaia', 2),
(480, 71, 'weeler', 2),
(481, 71, 'Kaia', 4),
(482, 71, 'Wheeler', 4),
(483, 72, 'scor', 1),
(484, 72, 'hedm', 1),
(485, 72, 'd', 1),
(486, 72, 'ryle', 2),
(487, 72, 'hoden', 2),
(488, 72, 'Rylee', 4),
(489, 72, 'Holden', 4),
(490, 73, 'resi', 1),
(491, 73, 'tan', 1),
(492, 73, 'eprime', 1),
(493, 73, 'emeron', 2),
(494, 73, 'roma', 2),
(495, 73, 'Emerson', 4),
(496, 73, 'Roman', 4),
(497, 74, 'scutt', 1),
(498, 74, 'esbo', 1),
(499, 74, 'fin', 1),
(500, 74, 'ev', 2),
(501, 74, 'blac', 2),
(502, 74, 'Eva', 4),
(503, 74, 'Black', 4),
(504, 75, 'inse', 1),
(505, 75, 'tbrag', 1),
(506, 75, 'art', 1),
(507, 75, 'shyan', 2),
(508, 75, 'imenez', 2),
(509, 75, 'Shyann', 4),
(510, 75, 'Jimenez', 4),
(511, 76, 'came', 1),
(512, 76, 'ircu', 1),
(513, 76, 'ar', 1),
(514, 76, 'byro', 2),
(515, 76, 'erritt', 2),
(516, 76, 'Byron', 4),
(517, 76, 'Merritt', 4),
(518, 77, 'wors', 1),
(519, 77, 'explo', 1),
(520, 77, 'e', 1),
(521, 77, 'issc', 2),
(522, 77, 'osbone', 2),
(523, 77, 'Issac', 4),
(524, 77, 'Osborne', 4),
(525, 78, 'trysai', 1),
(526, 78, 'dr', 1),
(527, 78, 'ss', 1),
(528, 78, 'kllen', 2),
(529, 78, 'hiks', 2),
(530, 78, 'Kellen', 4),
(531, 78, 'Hicks', 4),
(532, 79, 'fetchg', 1),
(533, 79, 'o', 1),
(534, 79, 'ty', 1),
(535, 79, 'seven', 2),
(536, 79, 'ndrews', 2),
(537, 79, 'Steven', 4),
(538, 79, 'Andrews', 4),
(539, 80, 'bitte', 1),
(540, 80, 'nexp', 1),
(541, 80, 'riment', 1),
(542, 80, 'skler', 2),
(543, 80, 'broks', 2),
(544, 80, 'Skyler', 4),
(545, 80, 'Brooks', 4),
(546, 81, 'abrup', 1),
(547, 81, 'ago', 1),
(548, 81, 'izing', 1),
(549, 81, 'dam', 2),
(550, 81, 'soomon', 2),
(551, 81, 'Adam', 4),
(552, 81, 'Solomon', 4),
(553, 82, 'gentl', 1),
(554, 82, 'rosy', 1),
(555, 82, 'payon', 2),
(556, 82, 'buer', 2),
(557, 82, 'Payton', 4),
(558, 82, 'Bauer', 4),
(559, 83, 'neck', 1),
(560, 83, 'iesn', 1),
(561, 83, 'ctor', 1),
(562, 83, 'jayee', 2),
(563, 83, 'sephenson', 2),
(564, 83, 'Jaylee', 4),
(565, 83, 'Stephenson', 4),
(566, 84, 'zwodd', 1),
(567, 84, 'rycl', 1),
(568, 84, 'bs', 1),
(569, 84, 'iffany', 2),
(570, 84, 'joyc', 2),
(571, 84, 'Tiffany', 4),
(572, 84, 'Joyce', 4),
(573, 85, 'prick', 1),
(574, 85, 'yba', 1),
(575, 85, 'hroom', 1),
(576, 85, 'jaspr', 2),
(577, 85, 'moraes', 2),
(578, 85, 'Jasper', 4),
(579, 85, 'Morales', 4),
(580, 86, 'icesk', 1),
(581, 86, 'tes', 1),
(582, 86, 'eaky', 1),
(583, 86, 'haley', 2),
(584, 86, 'arold', 2),
(585, 86, 'Hadley', 4),
(586, 86, 'Arnold', 4),
(587, 87, 'pand', 1),
(588, 87, 'qua', 1),
(589, 87, 'ified', 1),
(590, 87, 'maria', 2),
(591, 87, 'krueer', 2),
(592, 87, 'Marina', 4),
(593, 87, 'Krueger', 4),
(594, 88, 'vein', 1),
(595, 88, 'evela', 1),
(596, 88, 'ion', 1),
(597, 88, 'arlie', 2),
(598, 88, 'powrs', 2),
(599, 88, 'Marlie', 4),
(600, 88, 'Powers', 4),
(601, 89, 'umpire', 1),
(602, 89, 'pti', 1),
(603, 89, 'istic', 1),
(604, 89, 'lanen', 2),
(605, 89, 'galvn', 2),
(606, 89, 'Landen', 4),
(607, 89, 'Galvan', 4),
(608, 90, 'invest', 1),
(609, 90, 'e', 1),
(610, 90, 'tsleauty', 1),
(611, 90, 'jamai', 2),
(612, 90, 'hawins', 2),
(613, 90, 'Jamari', 4),
(614, 90, 'Hawkins', 4),
(615, 91, 'dalcop', 1),
(616, 91, 'ro', 1),
(617, 91, 'n', 1),
(618, 91, 'rittany', 2),
(619, 91, 'coke', 2),
(620, 91, 'Brittany', 4),
(621, 91, 'Cooke', 4),
(622, 92, 'mimsy', 1),
(623, 92, 'to', 1),
(624, 92, 'ly', 1),
(625, 92, 'odney', 2),
(626, 92, 'keler', 2),
(627, 92, 'Rodney', 4),
(628, 92, 'Keller', 4),
(629, 93, 'peps', 1),
(630, 93, 'opt', 1),
(631, 93, 'mal', 1),
(632, 93, 'raon', 2),
(633, 93, 'illiamson', 2),
(634, 93, 'Ramon', 4),
(635, 93, 'Williamson', 4),
(636, 94, 'capo', 1),
(637, 94, 'maple', 1),
(638, 94, 'halie', 2),
(639, 94, 'shafer', 2),
(640, 94, 'Hallie', 4),
(641, 94, 'Shaffer', 4),
(642, 95, 'flird', 1),
(643, 95, 'sp', 1),
(644, 95, 'rse', 1),
(645, 95, 'aola', 2),
(646, 95, 'bater', 2),
(647, 95, 'Paola', 4),
(648, 95, 'Baxter', 4),
(649, 96, 'swed', 1),
(650, 96, 'shnec', 1),
(651, 96, 'kai', 2),
(652, 96, 'lcero', 2),
(653, 96, 'Kali', 4),
(654, 96, 'Lucero', 4),
(655, 97, 'tech', 1),
(656, 97, 'ical', 1),
(657, 97, 'hopkins', 1),
(658, 97, 'waye', 2),
(659, 97, 'duglas', 2),
(660, 97, 'Wayne', 4),
(661, 97, 'Douglas', 4),
(662, 98, 'boff', 1),
(663, 98, 'lau', 1),
(664, 98, 'ilized', 1),
(665, 98, 'dwin', 2),
(666, 98, 'pau', 2),
(667, 98, 'Edwin', 4),
(668, 98, 'Paul', 4),
(669, 99, 'genoa', 1),
(670, 99, 'ubt', 1),
(671, 99, 'e', 1),
(672, 99, 'rut', 2),
(673, 99, 'livigston', 2),
(674, 99, 'Ruth', 4),
(675, 99, 'Livingston', 4),
(676, 100, 'batter', 1),
(677, 100, 'yem', 1),
(678, 100, 'ni', 1),
(679, 100, 'asa', 2),
(680, 100, 'ardy', 2),
(681, 100, 'Asia', 4),
(682, 100, 'Hardy', 4);

--
-- Indexes for dumped tables
--

--
-- Indexes for table `demo_profile_values`
--
ALTER TABLE `demo_profile_values`
  ADD PRIMARY KEY (`id`),
  ADD KEY `index_value` (`value`(100)),
  ADD KEY `fid_2` (`fid`,`uid`);

--
-- Indexes for table `demo_users`
--
ALTER TABLE `demo_users`
  ADD PRIMARY KEY (`uid`),
  ADD UNIQUE KEY `name` (`name`),
  ADD UNIQUE KEY `mail` (`mail`);

--
-- Indexes for table `failed_jobs`
--
ALTER TABLE `failed_jobs`
  ADD PRIMARY KEY (`id`),
  ADD UNIQUE KEY `failed_jobs_uuid_unique` (`uuid`);

--
-- Indexes for table `migrations`
--
ALTER TABLE `migrations`
  ADD PRIMARY KEY (`id`);

--
-- Indexes for table `password_resets`
--
ALTER TABLE `password_resets`
  ADD KEY `password_resets_email_index` (`email`);

--
-- Indexes for table `personal_access_tokens`
--
ALTER TABLE `personal_access_tokens`
  ADD PRIMARY KEY (`id`),
  ADD UNIQUE KEY `personal_access_tokens_token_unique` (`token`),
  ADD KEY `personal_access_tokens_tokenable_type_tokenable_id_index` (`tokenable_type`,`tokenable_id`);

--
-- Indexes for table `users`
--
ALTER TABLE `users`
  ADD PRIMARY KEY (`id`),
  ADD UNIQUE KEY `users_email_unique` (`email`);

--
-- Indexes for table `user_score`
--
ALTER TABLE `user_score`
  ADD PRIMARY KEY (`id`),
  ADD KEY `user_score_user_id_foreign` (`user_id`),
  ADD KEY `user_score_value_index` (`value`);

--
-- AUTO_INCREMENT for dumped tables
--

--
-- AUTO_INCREMENT for table `demo_profile_values`
--
ALTER TABLE `demo_profile_values`
  MODIFY `id` int UNSIGNED NOT NULL AUTO_INCREMENT, AUTO_INCREMENT=301;

--
-- AUTO_INCREMENT for table `failed_jobs`
--
ALTER TABLE `failed_jobs`
  MODIFY `id` bigint UNSIGNED NOT NULL AUTO_INCREMENT;

--
-- AUTO_INCREMENT for table `migrations`
--
ALTER TABLE `migrations`
  MODIFY `id` int UNSIGNED NOT NULL AUTO_INCREMENT, AUTO_INCREMENT=16;

--
-- AUTO_INCREMENT for table `personal_access_tokens`
--
ALTER TABLE `personal_access_tokens`
  MODIFY `id` bigint UNSIGNED NOT NULL AUTO_INCREMENT;

--
-- AUTO_INCREMENT for table `users`
--
ALTER TABLE `users`
  MODIFY `id` bigint UNSIGNED NOT NULL AUTO_INCREMENT;

--
-- AUTO_INCREMENT for table `user_score`
--
ALTER TABLE `user_score`
  MODIFY `id` bigint UNSIGNED NOT NULL AUTO_INCREMENT, AUTO_INCREMENT=683;

--
-- Constraints for dumped tables
--

--
-- Constraints for table `user_score`
--
ALTER TABLE `user_score`
  ADD CONSTRAINT `user_score_user_id_foreign` FOREIGN KEY (`user_id`) REFERENCES `demo_users` (`uid`);
COMMIT;

/*!40101 SET CHARACTER_SET_CLIENT=@OLD_CHARACTER_SET_CLIENT */;
/*!40101 SET CHARACTER_SET_RESULTS=@OLD_CHARACTER_SET_RESULTS */;
/*!40101 SET COLLATION_CONNECTION=@OLD_COLLATION_CONNECTION */;
